1,1,7,4.24243,0.588921,1.2408
1,1,4,2.16871,1.12894,0.0654781
1,1,1,-0.0606508,0.135846,0.0262225
1,1,6,3.57996,1.23202,-0.0331173
1,1,3,2.01361,-1.1056,-0.228844
1,1,8,4.20549,0.669036,-1.31253
1,1,5,1.6011,1.89921,0.129454
1,1,2,1.44907,-0.000842488,-0.0876803
1,2,4,2.15866,1.13475,0.112998
1,1,12,4.12562,0.651983,-3.77221
1,1,9,5.18017,-0.0891612,-1.27963
1,2,5,1.65515,1.97625,0.209401
1,1,11,2.92803,1.75073,-2.35718
1,2,3,2.00087,-1.11001,-0.26426
1,2,6,3.58609,1.21488,-0.0252911
1,1,10,3.64238,1.09098,-2.41541
1,2,12,4.1013,0.682135,-3.76322
1,2,7,4.22243,0.576371,1.24257
1,2,2,1.47072,0.00865323,-0.0886282
1,3,4,2.12824,1.13798,0.155509
1,2,8,4.17408,0.651201,-1.31172
1,2,11,2.91771,1.79359,-2.35467
1,3,7,4.21143,0.561429,1.23873
1,2,1,-0.0786806,0.164254,0.0313586
1,3,5,1.7616,2.01758,0.361317
1,3,6,3.60786,1.18517,0.0154647
1,2,10,3.60514,1.08024,-2.43018
1,3,12,4.0575,0.706568,-3.7526
1,3,1,-0.0850969,0.18673,0.0366966
1,3,2,1.45555,0.00713066,-0.089392
1,4,8,4.15217,0.592339,-1.29329
1,2,9,5.14458,-0.112795,-1.2629
1,4,2,1.4009,0.00922062,-0.0909826
1,4,1,-0.0952728,0.205115,0.0362863
1,3,3,1.97384,-1.11434,-0.281867
1,4,3,1.94291,-1.12536,-0.28537
1,3,9,5.13495,-0.12242,-1.26162
1,3,10,3.55991,1.06973,-2.42844
1,5,1,-0.129284,0.226367,0.0411465
1,3,8,4.16502,0.615991,-1.29448
1,4,10,3.52682,1.04986,-2.40692
1,4,9,5.13755,-0.139148,-1.26601
1,3,11,2.90479,1.77324,-2.3618
1,4,11,2.81455,1.75185,-2.38587
1,4,6,3.61011,1.17099,0.0388435
1,4,5,1.72223,1.9945,0.544432
1,5,9,5.13561,-0.159509,-1.27909
1,4,7,4.20106,0.543133,1.25773
1,5,3,1.90043,-1.11811,-0.287276
1,5,8,4.12071,0.599175,-1.29304
1,4,4,2.13151,1.15329,0.178044
1,5,2,1.39247,0.00789826,-0.102727
1,5,7,4.18199,0.520761,1.28293
1,5,4,2.12053,1.14538,0.192498
1,6,2,1.37925,0.0309678,-0.0880442
1,5,6,3.56424,1.14262,0.0320315
1,5,11,2.74987,1.65412,-2.38763
1,6,3,1.85608,-1.08864,-0.292128
1,4,12,4.00723,0.718548,-3.76042
1,5,10,3.50841,1.04323,-2.38058
1,6,4,2.0731,1.08644,0.197914
1,5,12,3.936,0.714705,-3.76251
1,6,10,3.4828,1.04358,-2.3729
1,6,5,1.55936,1.82678,0.645109
1,6,8,4.11311,0.588782,-1.2624
1,6,11,2.64875,1.56775,-2.269
1,5,5,1.60679,1.8329,0.632093
1,6,1,-0.15923,0.227759,0.0400072
1,6,12,3.87673,0.689748,-3.77045
1,6,7,4.14762,0.503983,1.3062
1,7,3,1.80644,-1.05322,-0.287392
1,7,4,2.03714,1.05423,0.20165
1,7,1,-0.169505,0.227868,0.046416
1,7,2,1.32219,0.0177071,-0.0699693
1,6,6,3.51883,1.119,0.0208058
1,6,9,5.13503,-0.166276,-1.28969
1,7,5,1.58459,1.80783,0.610647
1,7,6,3.48396,1.10841,0.0261297
1,7,11,2.61699,1.48919,-2.12129
1,7,12,3.82448,0.667812,-3.76307
1,7,9,5.11841,-0.153177,-1.2787
1,7,10,3.46746,1.03471,-2.36535
1,7,7,4.10394,0.496796,1.3173
1,7,8,4.13216,0.592835,-1.24649
1,8,2,1.24633,0.00773351,-0.055139
1,8,1,-0.181075,0.237228,0.0641891
1,8,4,2.00814,1.05154,0.201667
1,8,3,1.75673,-1.0554,-0.301975
1,8,6,3.45217,1.10783,0.0432939
1,8,5,1.56952,1.83568,0.583297
1,8,8,4.1204,0.59321,-1.24259
1,8,7,4.06696,0.503741,1.30722
1,8,10,3.44096,1.01298,-2.33271
1,8,9,5.0883,-0.152408,-1.25455
1,8,12,3.77386,0.655268,-3.74434
1,8,11,2.61883,1.44022,-2.0754
1,9,7,4.03912,0.509519,1.31548
1,9,4,1.96465,1.06662,0.212138
1,9,1,-0.235507,0.236235,0.0810646
1,9,6,3.41612,1.10943,0.0650072
1,9,3,1.70455,-1.07387,-0.313868
1,9,8,4.06546,0.587655,-1.25039
1,9,5,1.56153,1.86646,0.58056
1,9,2,1.22721,0.0179706,-0.0457415
1,10,4,1.9482,1.08203,0.233578
1,9,12,3.73752,0.641382,-3.71679
1,9,9,5.05469,-0.151491,-1.23522
1,10,5,1.47743,1.91418,0.568062
1,9,11,2.56476,1.4744,-2.12005
1,10,3,1.64857,-1.09134,-0.29081
1,10,6,3.3811,1.11706,0.0703785
1,9,10,3.40403,0.99589,-2.29934
1,10,12,3.70649,0.622507,-3.68567
1,10,7,3.98662,0.508921,1.32196
1,10,2,1.21892,0.0233554,-0.0194386
1,11,4,1.92318,1.10623,0.235576
1,10,8,4.0067,0.557091,-1.22622
1,10,11,2.60168,1.62585,-2.20299
1,11,7,3.92499,0.507585,1.31055
1,10,1,-0.322775,0.238288,0.11511
1,11,5,1.41103,1.88616,0.499158
1,11,6,3.35772,1.12423,0.0726971
1,10,10,3.36024,1.00036,-2.28579
1,11,12,3.67881,0.61414,-3.65671
1,11,1,-0.372753,0.252677,0.139184
1,11,2,1.17258,0.0279385,0.00432495
1,12,8,3.87421,0.480879,-1.16814
1,10,9,5.02991,-0.144745,-1.22085
1,12,2,1.07988,0.0445005,0.00655149
1,12,1,-0.38925,0.251341,0.166516
1,11,3,1.59682,-1.10644,-0.278406
1,12,3,1.55428,-1.10597,-0.263641
1,11,9,4.9978,-0.120516,-1.21618
1,11,10,3.30457,0.981097,-2.29381
1,13,1,-0.411952,0.267266,0.201493
1,11,8,3.93946,0.515793,-1.17812
1,12,10,3.24715,0.96919,-2.26934
1,12,9,4.96387,-0.10043,-1.23971
1,11,11,2.68071,1.75506,-2.21162
1,12,11,2.77166,1.79899,-2.17606
1,12,6,3.31945,1.12173,0.100372
1,12,5,1.36302,1.925,0.494516
1,13,9,4.92909,-0.0844244,-1.27214
1,12,7,3.87396,0.489169,1.31241
1,13,3,1.51201,-1.08474,-0.243309
1,13,8,3.81328,0.457866,-1.17993
1,12,4,1.88697,1.12429,0.223823
1,13,2,1.04104,0.0613769,0.0202544
1,13,7,3.82293,0.451006,1.30691
1,13,4,1.82527,1.12784,0.206145
1,14,2,1.03323,0.0389799,0.0306062
1,13,6,3.25439,1.11495,0.116115
1,13,11,2.69736,1.84556,-2.08966
1,14,3,1.46035,-1.04808,-0.228506
1,12,12,3.6462,0.607071,-3.63615
1,13,10,3.21746,0.990035,-2.2182
1,14,4,1.74365,1.14003,0.189858
1,13,12,3.62776,0.585024,-3.62595
1,14,10,3.18863,1.01662,-2.19168
1,14,5,1.48442,2.05837,0.482932
1,14,8,3.79099,0.452744,-1.16284
1,14,11,2.6983,1.80078,-1.97957
1,13,5,1.41284,1.95272,0.494359
1,14,1,-0.434319,0.299837,0.222763
1,14,12,3.60363,0.560643,-3.60705
1,14,7,3.78952,0.419727,1.32867
1,15,3,1.42908,-1.04398,-0.210709
1,15,4,1.69284,1.17017,0.195079
1,15,1,-0.464299,0.330086,0.251927
1,15,2,0.998111,0.0248214,0.0584517
1,14,6,3.18823,1.11494,0.113697
1,14,9,4.89306,-0.0720437,-1.29338
1,15,5,1.31706,2.06712,0.397733
1,15,6,3.15096,1.099,0.0942784
1,15,11,2.61304,1.81574,-1.95993
1,15,12,3.56874,0.553257,-3.57581
1,15,9,4.85943,-0.0775249,-1.30401
1,15,10,3.17666,0.997654,-2.17937
1,15,7,3.76193,0.394741,1.34145
1,15,8,3.77057,0.47288,-1.12292
1,16,2,0.937144,0.0652268,0.0896114
1,16,1,-0.5044,0.330716,0.271579
1,16,4,1.65878,1.18709,0.197176
1,16,3,1.40465,-1.05747,-0.203547
1,16,6,3.11414,1.08365,0.110331
1,16,5,1.0226,1.96253,0.301588
1,16,8,3.76397,0.50135,-1.13843
1,16,7,3.73438,0.366893,1.37291
1,16,10,3.14331,0.971106,-2.17533
1,16,9,4.83998,-0.0897921,-1.31193
1,16,12,3.51611,0.564534,-3.55284
1,16,11,2.59611,1.75411,-2.03114
1,17,7,3.71446,0.343665,1.3919
1,17,4,1.60283,1.1877,0.197941
1,17,1,-0.554902,0.330361,0.285707
1,17,6,3.10824,1.09885,0.152501
1,17,3,1.36059,-1.04709,-0.183017
1,17,8,3.76455,0.524947,-1.16671
1,17,5,0.994675,1.92738,0.273009
1,17,2,0.902903,0.0995051,0.108858
1,18,4,1.57844,1.17628,0.214346
1,17,12,3.46438,0.563367,-3.54823
1,17,9,4.83409,-0.0961094,-1.30539
1,18,5,1.14072,2.10417,0.276743
1,17,11,2.47282,1.72218,-2.08498
1,18,3,1.32607,-1.01422,-0.165573
1,18,6,3.08486,1.09297,0.181842
1,17,10,3.08316,0.951874,-2.17759
1,18,12,3.41333,0.539482,-3.55265
1,18,7,3.6911,0.334264,1.40455
1,18,2,0.869222,0.0768607,0.104363
1,19,4,1.59708,1.15606,0.23304
1,18,8,3.73627,0.541696,-1.17227
1,18,11,2.32401,1.64551,-2.11596
1,19,7,3.66095,0.320286,1.43131
1,18,1,-0.624468,0.325228,0.30893
1,19,5,1.35364,2.05331,0.307291
1,19,6,3.05738,1.07234,0.194221
1,18,10,3.02505,0.941761,-2.19787
1,19,12,3.35358,0.504535,-3.54979
1,19,1,-0.688045,0.322215,0.328022
1,19,2,0.796654,0.0699928,0.132137
1,20,8,3.66253,0.59842,-1.12993
1,18,9,4.81437,-0.0896686,-1.28963
1,20,2,0.732629,0.0982759,0.162798
1,20,1,-0.743843,0.326873,0.346079
1,19,3,1.29528,-0.996311,-0.163936
1,20,3,1.24796,-0.996773,-0.162354
1,19,9,4.77977,-0.080066,-1.27841
1,19,10,2.96204,0.929213,-2.21319
1,21,1,-0.81455,0.34638,0.364623
1,19,8,3.69772,0.569662,-1.15401
1,20,10,2.91655,0.928145,-2.20384
1,20,9,4.71842,-0.0681394,-1.24762
1,19,11,2.19256,1.50845,-2.07536
1,20,11,2.04999,1.4027,-2.1234
1,20,6,3.03893,1.03745,0.187366
1,20,5,1.31533,2.10331,0.312389
1,21,9,4.64321,-0.0458747,-1.21734
1,20,7,3.62675,0.312024,1.45584
1,21,3,1.17646,-1.00524,-0.149215
1,21,8,3.62368,0.627055,-1.13233
1,20,4,1.62582,1.11536,0.259957
1,21,2,0.718614,0.120577,0.160665
1,21,7,3.58542,0.318661,1.46826
1,21,4,1.61358,1.10249,0.284435
1,22,2,0.685843,0.114302,0.177845
1,21,6,3.04254,1.00623,0.178375
1,21,11,1.95947,1.28497,-2.08663
1,22,3,1.08929,-1.03079,-0.135578
1,20,12,3.29378,0.489657,-3.55647
1,21,10,2.87802,0.925771,-2.17871
1,22,4,1.57468,1.09667,0.308641
1,21,12,3.23721,0.493649,-3.55266
1,22,10,2.79895,0.920346,-2.15859
1,22,5,1.16849,2.01723,0.369537
1,22,8,3.57313,0.64061,-1.1321
1,22,11,1.8851,1.24136,-1.96656
1,21,5,1.21464,1.95718,0.325886
1,22,1,-0.876957,0.354032,0.395129
1,22,12,3.19534,0.505849,-3.53802
1,22,7,3.56811,0.298228,1.45899
1,23,3,1.00224,-1.0479,-0.142428
1,23,4,1.5091,1.09847,0.321274
1,23,1,-0.89397,0.363905,0.413908
1,23,2,0.633307,0.0911047,0.199754
1,22,6,3.02381,1.01137,0.212616
1,22,9,4.57956,-0.0391681,-1.16436
1,23,5,1.16209,1.9809,0.509851
1,23,6,2.97796,1.05744,0.260969
1,23,11,1.85094,1.28245,-1.93383
1,23,12,3.1544,0.524731,-3.51949
1,23,9,4.52861,-0.0295373,-1.11063
1,23,10,2.73004,0.894238,-2.14018
1,23,7,3.56101,0.256273,1.42464
1,23,8,3.52389,0.628015,-1.0916
1,24,2,0.585377,0.0661163,0.217346
1,24,1,-0.905328,0.370488,0.427867
1,24,4,1.4521,1.10796,0.326879
1,24,3,0.933393,-1.03484,-0.155077
1,24,6,2.92672,1.10537,0.290186
1,24,5,1.01678,1.952,0.545447
1,24,8,3.4422,0.608435,-1.0474
1,24,7,3.52883,0.206824,1.38055
1,24,10,2.68072,0.885246,-2.12275
1,24,9,4.50169,-0.0435055,-1.06413
1,24,12,3.10692,0.536977,-3.50211
1,24,11,1.79788,1.33349,-2.00167
1,25,7,3.51073,0.177355,1.34383
1,25,4,1.40399,1.11602,0.330988
1,25,1,-0.909658,0.381964,0.437858
1,25,6,2.87406,1.13293,0.308209
1,25,3,0.887255,-1.02654,-0.155836
1,25,8,3.36605,0.59635,-1.00656
1,25,5,0.859344,1.93384,0.483985
1,25,2,0.551919,0.0740023,0.233466
1,26,4,1.34411,1.11932,0.343571
1,25,12,3.04742,0.548528,-3.50152
1,25,9,4.46342,-0.0357053,-1.03547
1,26,5,0.907497,1.98723,0.344375
1,25,11,1.75104,1.25592,-2.01151
1,26,3,0.841396,-1.03199,-0.15402
1,26,6,2.81968,1.13116,0.347504
1,25,10,2.64594,0.875023,-2.08507
1,26,12,2.99366,0.547458,-3.49541
1,26,7,3.47799,0.149077,1.32304
1,26,2,0.517147,0.0881613,0.240648
1,27,4,1.30004,1.1279,0.363703
1,26,8,3.32628,0.582919,-0.966303
1,26,11,1.68104,1.19529,-1.96592
1,27,7,3.43224,0.133645,1.32915
1,26,1,-0.915041,0.395064,0.454181
1,27,5,0.960975,2.0726,0.285323
1,27,6,2.78358,1.09411,0.388452
1,26,10,2.60164,0.871876,-2.06709
1,27,12,2.93385,0.545958,-3.48584
1,27,1,-0.930788,0.424134,0.479333
1,27,2,0.4963,0.0868376,0.231056
1,28,8,3.27236,0.59156,-0.968143
1,26,9,4.4076,-0.0221065,-1.01949
1,28,2,0.471149,0.0867052,0.21765
1,28,1,-0.976221,0.461251,0.506323
1,27,3,0.798776,-1.02848,-0.137867
1,28,3,0.759283,-1.02784,-0.118151
1,27,9,4.36683,-0.015515,-1.01284
1,27,10,2.54808,0.851463,-2.07477
1,29,1,-1.0354,0.490454,0.511546
1,27,8,3.30047,0.587825,-0.951302
1,28,10,2.50894,0.799172,-2.08669
1,28,9,4.34346,-0.024043,-1.02406
1,27,11,1.64357,1.18478,-1.94131
1,28,11,1.62954,1.25911,-1.99295
1,28,6,2.74931,1.06374,0.396168
1,28,5,0.951122,2.01795,0.301118
1,29,9,4.31325,-0.0243958,-1.04763
1,28,7,3.39586,0.128173,1.38778
1,29,3,0.730798,-1.03529,-0.10742
1,29,8,3.23087,0.587036,-1.00115
1,28,4,1.29148,1.14278,0.400543
1,29,2,0.446722,0.102026,0.216936
1,29,7,3.36348,0.124488,1.46598
1,29,4,1.29406,1.13204,0.435926
1,30,2,0.388067,0.123137,0.238779
1,29,6,2.72758,1.04931,0.396278
1,29,11,1.62348,1.25772,-1.97456
1,30,3,0.718989,-1.0373,-0.111931
1,28,12,2.88294,0.54106,-3.46475
1,29,10,2.47268,0.773051,-2.06997
1,30,4,1.27547,1.12368,0.441709
1,29,12,2.86538,0.524389,-3.45823
1,30,10,2.43224,0.769053,-2.05429
1,30,5,0.856506,2.00021,0.405435
1,30,8,3.1838,0.565127,-1.01687
1,30,11,1.58289,1.2262,-1.87646
1,29,5,0.880822,2.04347,0.324822
1,30,1,-1.07756,0.495718,0.491443
1,30,12,2.87242,0.495165,-3.47337
1,30,7,3.3301,0.136991,1.53775
1,31,3,0.720738,-1.0279,-0.0921622
1,31,4,1.23781,1.12136,0.436684
1,31,1,-1.1203,0.501285,0.455344
1,31,2,0.351403,0.14399,0.267782
1,30,6,2.72256,1.03497,0.378175
1,30,9,4.27355,-0.0312905,-1.08502
1,31,5,0.862236,2.05505,0.510029
1,31,6,2.70933,1.02395,0.348349
1,31,11,1.54354,1.18882,-1.8524
1,31,12,2.87507,0.475686,-3.48651
1,31,9,4.22672,-0.038731,-1.12126
1,31,10,2.39227,0.772173,-2.05698
1,31,7,3.27969,0.159129,1.5875
1,31,8,3.15872,0.545018,-0.99764
1,32,2,0.323159,0.123577,0.280361
1,32,1,-1.15606,0.489426,0.425981
1,32,4,1.20825,1.12624,0.411442
1,32,3,0.70931,-0.993017,-0.0653573
1,32,6,2.68635,1.00923,0.361788
1,32,5,0.864661,2.00333,0.603577
1,32,8,3.13503,0.506126,-0.985949
1,32,7,3.22249,0.190631,1.61089
1,32,10,2.36851,0.78149,-2.08083
1,32,9,4.19453,-0.0278801,-1.15078
1,32,12,2.86442,0.490854,-3.48281
1,32,11,1.46571,1.15321,-1.91374
1,33,7,3.18749,0.221129,1.60398
1,33,4,1.2011,1.12178,0.408823
1,33,1,-1.19708,0.475681,0.389849
1,33,6,2.6496,1.02171,0.377367
1,33,3,0.68341,-0.978359,-0.0421895
1,33,8,3.0913,0.503733,-1.01222
1,33,5,0.780808,1.99889,0.62382
1,33,2,0.302822,0.123868,0.270079
1,34,4,1.1732,1.11996,0.423436
1,33,12,2.85261,0.492247,-3.47169
1,33,9,4.18298,-0.0168133,-1.17373
1,34,5,0.716543,1.93711,0.586897
1,33,11,1.4301,1.08192,-1.96261
1,34,3,0.655664,-0.987763,-0.0161049
1,34,6,2.58203,1.03194,0.369317
1,33,10,2.3567,0.781463,-2.088
1,34,12,2.84609,0.483147,-3.45998
1,34,7,3.14865,0.249528,1.57735
1,34,2,0.290495,0.147355,0.257597
1,35,4,1.11129,1.12528,0.442383
1,34,8,3.07304,0.529468,-1.03524
1,34,11,1.40007,1.0247,-1.94259
1,35,7,3.1051,0.276126,1.54065
1,34,1,-1.21566,0.474523,0.356264
1,35,5,0.717878,2.02299,0.552968
1,35,6,2.53887,1.03376,0.345021
1,34,10,2.33615,0.785559,-2.09001
1,35,12,2.83994,0.469157,-3.45014
1,35,1,-1.2201,0.475057,0.322713
1,35,2,0.265202,0.170923,0.253986
1,36,8,3.0881,0.569196,-0.995447
1,34,9,4.18883,-0.023545,-1.17007
1,36,2,0.221619,0.158508,0.244592
1,36,1,-1.22416,0.475779,0.303143
1,35,3,0.62793,-0.993335,-0.00106385
1,36,3,0.611382,-0.98476,0.0271048
1,35,9,4.18481,-0.0192956,-1.15171
1,35,10,2.30183,0.779335,-2.07988
1,37,1,-1.25259,0.492354,0.282209
1,35,8,3.09403,0.545544,-1.01881
1,36,10,2.28604,0.773386,-2.05943
1,36,9,4.17365,-0.0150334,-1.12635
1,35,11,1.37273,1.00317,-1.8818
1,36,11,1.39754,1.12553,-1.94748
1,36,6,2.49999,1.02991,0.324607
1,36,5,0.743181,2.10817,0.544355
1,37,9,4.15882,0.00641388,-1.09038
1,36,7,3.08369,0.305663,1.49593
1,37,3,0.578429,-0.980007,0.0434124
1,37,8,3.07777,0.578555,-0.996113
1,36,4,1.0497,1.17179,0.456595
1,37,2,0.205918,0.140543,0.244195
1,37,7,3.05228,0.310716,1.46804
1,37,4,1.03095,1.20156,0.472714
1,38,2,0.198801,0.155493,0.260356
1,37,6,2.4629,1.04618,0.323532
1,37,11,1.42612,1.30127,-2.00672
1,38,3,0.53348,-0.999319,0.0603117
1,36,12,2.80486,0.432339,-3.44768
1,37,10,2.27668,0.7634,-2.04986
1,38,4,1.00415,1.20934,0.468595
1,37,12,2.77836,0.391153,-3.43841
1,38,10,2.27071,0.768802,-2.05092
1,38,5,0.576539,2.1217,0.592664
1,38,8,3.03386,0.580396,-0.968333
1,38,11,1.51871,1.37161,-1.9749
1,37,5,0.683907,2.11259,0.549665
1,38,1,-1.28416,0.515398,0.267683
1,38,12,2.75205,0.361887,-3.41023
1,38,7,3.0231,0.297337,1.46312
1,39,3,0.490616,-1.04958,0.0677053
1,39,4,0.96474,1.21679,0.456878
1,39,1,-1.29544,0.523293,0.277709
1,39,2,0.169152,0.170443,0.262867
1,38,6,2.43857,1.07849,0.324366
1,38,9,4.14094,0.0204591,-1.0438
1,39,5,0.565688,2.06171,0.675314
1,39,6,2.41246,1.1179,0.342396
1,39,11,1.52483,1.42315,-1.94561
1,39,12,2.73056,0.333632,-3.37928
1,39,9,4.11386,0.0194672,-1.0284
1,39,10,2.27286,0.794593,-2.04523
1,39,7,3.02346,0.299799,1.46967
1,39,8,2.9705,0.576816,-0.949832
1,40,2,0.13354,0.148099,0.261451
1,40,1,-1.30928,0.528203,0.315346
1,40,4,0.909481,1.22357,0.451312
1,40,3,0.472507,-1.07081,0.0632263
1,40,6,2.39484,1.1682,0.355439
1,40,5,0.543665,2.1298,0.69934
1,40,8,2.95304,0.551766,-0.946315
1,40,7,3.01618,0.31109,1.47906
1,40,10,2.26473,0.835077,-2.02659
1,40,9,4.06466,0.0207256,-1.01337
1,40,12,2.70717,0.293457,-3.36038
1,40,11,1.5074,1.45146,-2.00279
1,41,7,2.99559,0.336876,1.49522
1,41,4,0.884327,1.21085,0.442525
1,41,1,-1.33632,0.54309,0.350882
1,41,6,2.36982,1.19799,0.326488
1,41,3,0.445447,-1.07898,0.0574691
1,41,8,2.9455,0.575075,-0.9442
1,41,5,0.522475,2.0884,0.641666
1,41,2,0.122187,0.100624,0.269788
1,42,4,0.874182,1.18253,0.437578
1,41,12,2.70452,0.264045,-3.33769
1,41,9,4.02338,0.0289229,-1.0009
1,42,5,0.406285,2.00326,0.605805
1,41,11,1.46102,1.48316,-2.04552
1,42,3,0.421975,-1.08905,0.057332
1,42,6,2.34426,1.19785,0.318059
1,41,10,2.25913,0.860705,-2.05089
1,42,12,2.69566,0.241775,-3.33304
1,42,7,2.96139,0.354348,1.49741
1,42,2,0.109148,0.0914213,0.273842
1,43,4,0.866017,1.15757,0.415044
1,42,8,2.9074,0.648094,-0.939906
1,42,11,1.48253,1.46966,-1.99853
1,43,7,2.91675,0.360909,1.49894
1,42,1,-1.35776,0.572677,0.370899
1,43,5,0.343835,1.97844,0.609422
1,43,6,2.32434,1.19109,0.352921
1,42,10,2.24209,0.869083,-2.07357
1,43,12,2.68375,0.221409,-3.34263
1,43,1,-1.38708,0.586232,0.392032
1,43,2,0.0729359,0.0930318,0.261173
1,44,8,2.85693,0.670852,-0.972273
1,42,9,3.99661,0.0204852,-0.97311
1,44,2,0.0306056,0.0863358,0.245331
1,44,1,-1.41448,0.585415,0.401032
1,43,3,0.402012,-1.09891,0.060362
1,44,3,0.385114,-1.10297,0.0720231
1,43,9,3.93929,0.0123508,-0.950945
1,43,10,2.2162,0.87177,-2.08198
1,45,1,-1.44113,0.583547,0.38756
1,43,8,2.87062,0.686307,-0.960884
1,44,10,2.21115,0.886187,-2.09323
1,44,9,3.87712,0.00648563,-0.936107
1,43,11,1.44496,1.48358,-1.96856
1,44,11,1.41138,1.45614,-2.04582
1,44,6,2.30796,1.1821,0.391771
1,44,5,0.397924,1.96108,0.63658
1,45,9,3.83034,-0.00304131,-0.932432
1,44,7,2.87205,0.375989,1.4836
1,45,3,0.362282,-1.09308,0.101884
1,45,8,2.83504,0.670976,-0.93461
1,44,4,0.853245,1.12335,0.397538
1,45,2,0.00422436,0.0745003,0.227842
1,45,7,2.83999,0.389596,1.47462
1,45,4,0.824789,1.09782,0.393411
1,46,2,-0.0201126,0.0820695,0.212302
1,45,6,2.27358,1.1861,0.385703
1,45,11,1.40045,1.49214,-2.14357
1,46,3,0.337137,-1.09328,0.14078
1,44,12,2.64746,0.198269,-3.32753
1,45,10,2.2038,0.904356,-2.10609
1,46,4,0.80405,1.07225,0.403417
1,45,12,2.60731,0.193024,-3.32561
1,46,10,2.20678,0.920953,-2.10124
1,46,5,0.394986,1.9406,0.712374
1,46,8,2.78406,0.665676,-0.894269
1,46,11,1.50029,1.60695,-2.18222
1,45,5,0.485502,1.95533,0.664896
1,46,1,-1.45273,0.574651,0.38721
1,46,12,2.57675,0.179814,-3.32792
1,46,7,2.81393,0.389924,1.4855
1,47,3,0.30729,-1.11317,0.166624
1,47,4,0.765998,1.10528,0.411011
1,47,1,-1.4634,0.564956,0.387509
1,47,2,-0.0468207,0.0613785,0.213757
1,46,6,2.22563,1.19175,0.371655
1,46,9,3.7949,-0.0290618,-0.937411
1,47,5,0.288579,1.86171,0.693328
1,47,6,2.18355,1.20025,0.376064
1,47,11,1.60651,1.67673,-2.16197
1,47,12,2.55649,0.150343,-3.32503
1,47,9,3.76158,-0.0587703,-0.951552
1,47,10,2.2062,0.922712,-2.0649
1,47,7,2.79419,0.377683,1.50655
1,47,8,2.71787,0.660452,-0.89211
1,48,2,-0.0605462,0.0588493,0.211911
1,48,1,-1.48426,0.545734,0.389328
1,48,4,0.69991,1.15432,0.414702
1,48,3,0.266751,-1.14608,0.183613
1,48,6,2.15439,1.19786,0.381999
1,48,5,0.153099,1.95354,0.7147
1,48,8,2.72414,0.628329,-0.94114
1,48,7,2.7548,0.368882,1.52902
1,48,10,2.21311,0.926941,-2.04754
1,48,9,3.74074,-0.0806653,-0.963233
1,48,12,2.52123,0.123315,-3.3127
1,48,11,1.65061,1.71499,-2.13618
1,49,7,2.7129,0.371137,1.54726
1,49,4,0.628636,1.19723,0.417157
1,49,1,-1.51245,0.524751,0.36975
1,49,6,2.14254,1.20184,0.355839
1,49,3,0.238235,-1.15611,0.192691
1,49,8,2.75017,0.599116,-0.952311
1,49,5,0.234554,2.02596,0.692475
1,49,2,-0.0678143,0.0625133,0.227135
1,50,4,0.612346,1.22193,0.402762
1,49,12,2.47889,0.100398,-3.2807
1,49,9,3.72051,-0.106729,-0.985098
1,50,5,0.181158,2.10785,0.691032
1,49,11,1.61395,1.75908,-2.07376
1,50,3,0.225857,-1.15588,0.181281
1,50,6,2.12006,1.19705,0.344994
1,49,10,2.20023,0.933824,-2.06092
1,50,12,2.45954,0.0954214,-3.25564
1,50,7,2.65878,0.39673,1.5659
1,50,2,-0.0999839,0.074176,0.246057
1,51,4,0.615806,1.22289,0.381457
1,50,8,2.73353,0.603593,-0.919836
1,50,11,1.62787,1.73885,-2.01292
1,51,7,2.60309,0.428005,1.57224
1,50,1,-1.54263,0.498045,0.344071
1,51,5,0.0994084,1.99204,0.618712
1,51,6,2.08196,1.18658,0.341965
1,50,10,2.1703,0.940401,-2.08877
1,51,12,2.45265,0.0998076,-3.2566
1,51,1,-1.5873,0.487276,0.308278
1,51,2,-0.12342,0.0741444,0.243712
1,52,8,2.7105,0.582435,-0.960151
1,50,9,3.73183,-0.146998,-1.00491
1,52,2,-0.145126,0.095779,0.246185
1,52,1,-1.61525,0.482988,0.288719
1,51,3,0.217081,-1.12711,0.160121
1,52,3,0.205649,-1.10159,0.150351
1,51,9,3.74152,-0.172268,-0.988939
1,51,10,2.13982,0.939661,-2.08143
1,53,1,-1.63187,0.474852,0.292135
1,51,8,2.71847,0.614086,-0.936701
1,52,10,2.12479,0.945246,-2.08064
1,52,9,3.72996,-0.180369,-0.953049
1,51,11,1.58903,1.77082,-2.11995
1,52,11,1.58091,1.75004,-2.20734
1,52,6,2.03792,1.18868,0.327267
1,52,5,0.0818907,2.00296,0.591823
1,53,9,3.70223,-0.162966,-0.927362
1,52,7,2.55701,0.444441,1.58518
1,53,3,0.190532,-1.06482,0.150927
1,53,8,2.70183,0.543631,-0.952673
1,52,4,0.621209,1.18226,0.368133
1,53,2,-0.183702,0.0961533,0.255978
1,53,7,2.5357,0.463748,1.57814
1,53,4,0.597751,1.15061,0.358711
1,54,2,-0.231847,0.107447,0.243474
1,53,6,2.01125,1.17001,0.300325
1,53,11,1.59882,1.79192,-2.18219
1,54,3,0.180037,-1.03156,0.160877
1,52,12,2.43619,0.103504,-3.2744
1,53,10,2.11767,0.947336,-2.09845
1,54,4,0.557369,1.16005,0.356372
1,53,12,2.43546,0.110933,-3.28192
1,54,10,2.0955,0.936608,-2.10793
1,54,5,0.30036,2.1248,0.50869
1,54,8,2.65156,0.549047,-0.936649
1,54,11,1.69303,1.83195,-2.1773
1,53,5,0.25295,2.02083,0.536112
1,54,1,-1.66493,0.467967,0.286803
1,54,12,2.41859,0.115456,-3.2798
1,54,7,2.54898,0.483796,1.56107
1,55,3,0.172545,-1.00702,0.162768
1,55,4,0.520957,1.18879,0.347896
1,55,1,-1.73376,0.462628,0.276166
1,55,2,-0.272424,0.127273,0.242819
1,54,6,2.00834,1.12281,0.282701
1,54,9,3.67337,-0.157856,-0.900407
1,55,5,0.156147,2.06519,0.511612
1,55,6,1.99587,1.09717,0.28215
1,55,11,1.69634,1.84163,-2.1398
1,55,12,2.39421,0.12681,-3.30026
1,55,9,3.6418,-0.162797,-0.870829
1,55,10,2.06842,0.931355,-2.09457
1,55,7,2.55422,0.492762,1.54569
1,55,8,2.59126,0.543942,-0.94057
1,56,2,-0.287828,0.153257,0.231037
1,56,1,-1.79919,0.466724,0.269745
1,56,4,0.502301,1.19667,0.341243
1,56,3,0.165403,-1.01449,0.162266
1,56,6,1.94342,1.11895,0.298055
1,56,5,-0.0633085,2.0328,0.466539
1,56,8,2.56911,0.525413,-0.935443
1,56,7,2.56818,0.507104,1.55043
1,56,10,2.04259,0.942294,-2.07605
1,56,9,3.59636,-0.154305,-0.860514
1,56,12,2.34255,0.129472,-3.3233
1,56,11,1.62525,1.82084,-2.10657
1,57,7,2.57999,0.524809,1.55908
1,57,4,0.463794,1.19071,0.340263
1,57,1,-1.81261,0.464964,0.264166
1,57,6,1.91123,1.15803,0.306242
1,57,3,0.149562,-1.01921,0.150753
1,57,8,2.53164,0.481605,-0.920148
1,57,5,-0.0198086,1.99336,0.412464
1,57,2,-0.315487,0.144871,0.221527
1,58,4,0.424771,1.18012,0.344157
1,57,12,2.28273,0.154115,-3.32925
1,57,9,3.54966,-0.159036,-0.849341
1,58,5,0.00435269,2.12089,0.391998
1,57,11,1.51358,1.82593,-2.04183
1,58,3,0.115756,-1.02211,0.140327
1,58,6,1.8977,1.18774,0.287335
1,57,10,2.024,0.955898,-2.06089
1,58,12,2.23133,0.172103,-3.31987
1,58,7,2.5557,0.54409,1.56321
1,58,2,-0.342962,0.120534,0.231722
1,59,4,0.409811,1.19324,0.358208
1,58,8,2.46644,0.482172,-0.909263
1,58,11,1.47971,1.77762,-2.02732
1,59,7,2.50947,0.571787,1.55401
1,58,1,-1.80906,0.470855,0.257994
1,59,5,0.0122063,2.05228,0.376183
1,59,6,1.87394,1.20948,0.292103
1,58,10,1.99744,0.957172,-2.06708
1,59,12,2.16914,0.189969,-3.3178
1,59,1,-1.81529,0.46973,0.241633
1,59,2,-0.381691,0.10663,0.255245
1,60,8,2.46806,0.519058,-0.928677
1,58,9,3.52331,-0.188868,-0.841542
1,60,2,-0.395011,0.104581,0.268159
1,60,1,-1.85461,0.450608,0.232445
1,59,3,0.0692261,-1.02742,0.142059
1,60,3,0.0162983,-1.04162,0.137412
1,59,9,3.49381,-0.221691,-0.84726
1,59,10,1.97198,0.929362,-2.07996
1,61,1,-1.89146,0.435779,0.238125
1,59,8,2.43293,0.50924,-0.918947
1,60,10,1.94411,0.904068,-2.07082
1,60,9,3.44581,-0.245212,-0.866035
1,59,11,1.4592,1.75863,-2.02776
1,60,11,1.50105,1.7728,-2.05249
1,60,6,1.84401,1.22419,0.339581
1,60,5,-0.0909456,2.08303,0.381389
1,61,9,3.3974,-0.246051,-0.866921
1,60,7,2.45873,0.610139,1.52791
1,61,3,-0.0243021,-1.05359,0.154269
1,61,8,2.50504,0.537253,-0.889446
1,60,4,0.391468,1.20351,0.363979
1,61,2,-0.393915,0.121196,0.265233
1,61,7,2.42837,0.629997,1.51223
1,61,4,0.345908,1.19353,0.341903
1,62,2,-0.424502,0.124715,0.255429
1,61,6,1.8076,1.24719,0.358105
1,61,11,1.53938,1.78303,-2.06449
1,62,3,-0.0522493,-1.05629,0.178956
1,60,12,2.12872,0.198482,-3.32698
1,61,10,1.91734,0.874826,-2.04389
1,62,4,0.323558,1.18781,0.325857
1,61,12,2.10407,0.19272,-3.36011
1,62,10,1.90176,0.856316,-2.02783
1,62,5,-0.150577,2.036,0.441632
1,62,8,2.45986,0.586346,-0.840577
1,62,11,1.5045,1.74032,-2.08949
1,61,5,-0.0821411,2.06471,0.404668
1,62,1,-1.91951,0.425982,0.260915
1,62,12,2.10262,0.187338,-3.38049
1,62,7,2.40145,0.62529,1.51955
1,63,3,-0.0690377,-1.04813,0.205655
1,63,4,0.308422,1.20112,0.318388
1,63,1,-1.9509,0.431649,0.283696
1,63,2,-0.489756,0.105211,0.25838
1,62,6,1.78101,1.2557,0.338744
1,62,9,3.37151,-0.270138,-0.862904
1,63,5,-0.268168,1.98836,0.379765
1,63,6,1.75732,1.27054,0.316715
1,63,11,1.32798,1.67808,-2.0939
1,63,12,2.12377,0.191914,-3.38505
1,63,9,3.34611,-0.301205,-0.860444
1,63,10,1.87229,0.851573,-2.04042
1,63,7,2.37535,0.636358,1.54623
1,63,8,2.42475,0.591655,-0.845871
1,64,2,-0.527654,0.10158,0.262596
1,64,1,-1.99616,0.444388,0.302965
1,64,4,0.27281,1.2098,0.302248
1,64,3,-0.100453,-1.04009,0.22689
1,64,6,1.73137,1.28316,0.308431
1,64,5,-0.283236,1.99396,0.350745
1,64,8,2.41874,0.542805,-0.910191
1,64,7,2.34553,0.642724,1.58747
1,64,10,1.84127,0.863887,-2.05885
1,64,9,3.31899,-0.319777,-0.849185
1,64,12,2.13742,0.193307,-3.36814
1,64,11,1.167,1.53917,-2.01561
1,65,7,2.33097,0.645744,1.62365
1,65,4,0.222183,1.20877,0.287043
1,65,1,-2.04475,0.440843,0.320556
1,65,6,1.72465,1.25371,0.284387
1,65,3,-0.119456,-1.03657,0.245764
1,65,8,2.3954,0.485095,-0.948514
1,65,5,-0.27126,2.07397,0.370137
1,65,2,-0.53489,0.134369,0.269776
1,66,4,0.212178,1.22812,0.287678
1,65,12,2.12918,0.198436,-3.35439
1,65,9,3.29183,-0.33844,-0.841548
1,66,5,-0.253814,2.10165,0.292925
1,65,11,1.0294,1.49254,-1.90894
1,66,3,-0.141431,-1.02764,0.258805
1,66,6,1.71877,1.17785,0.251827
1,65,10,1.79643,0.86652,-2.0666
1,66,12,2.12657,0.217386,-3.34625
1,66,7,2.30626,0.669215,1.63147
1,66,2,-0.546775,0.146736,0.27852
1,67,4,0.23682,1.25866,0.299793
1,66,8,2.35527,0.475943,-0.942487
1,66,11,0.990843,1.42492,-1.92795
1,67,7,2.28074,0.689066,1.62199
1,66,1,-2.07528,0.424678,0.350608
1,67,5,-0.259056,2.07636,0.199255
1,67,6,1.69899,1.13208,0.250395
1,66,10,1.76116,0.849325,-2.06203
1,67,12,2.12567,0.24001,-3.35386
1,67,1,-2.08915,0.416798,0.360176
1,67,2,-0.59895,0.156528,0.307857
1,68,8,2.29774,0.428074,-0.901062
1,66,9,3.27342,-0.362131,-0.844357
1,68,2,-0.623732,0.183355,0.32975
1,68,1,-2.10398,0.415397,0.369696
1,67,3,-0.164034,-1.00333,0.274397
1,68,3,-0.183418,-0.976651,0.288019
1,67,9,3.24038,-0.380079,-0.853961
1,67,10,1.71038,0.821157,-2.05099
1,69,1,-2.14417,0.42943,0.389995
1,67,8,2.32296,0.464153,-0.916835
1,68,10,1.67527,0.80444,-2.03599
1,68,9,3.21272,-0.379341,-0.859361
1,67,11,0.913849,1.39715,-2.05522
1,68,11,0.894293,1.3717,-2.08223
1,68,6,1.67634,1.11841,0.288343
1,68,5,-0.201082,2.13038,0.139423
1,69,9,3.18526,-0.394521,-0.857195
1,68,7,2.257,0.680444,1.59913
1,69,3,-0.197716,-0.953874,0.296374
1,69,8,2.25572,0.415342,-0.891577
1,68,4,0.246642,1.25088,0.299411
1,69,2,-0.626681,0.175923,0.324538
1,69,7,2.25434,0.662229,1.5814
1,69,4,0.21021,1.21578,0.293132
1,70,2,-0.650741,0.172807,0.323286
1,69,6,1.66063,1.14045,0.325573
1,69,11,0.854267,1.36054,-1.99095
1,70,3,-0.223775,-0.960647,0.315916
1,68,12,2.13692,0.246654,-3.36005
1,69,10,1.65736,0.778167,-2.02473
1,70,4,0.185413,1.20314,0.277731
1,69,12,2.13843,0.249443,-3.37303
1,70,10,1.62742,0.757203,-2.02634
1,70,5,-0.0998584,2.10382,0.0208071
1,70,8,2.20563,0.403407,-0.876826
1,70,11,0.852734,1.33729,-1.94176
1,69,5,-0.0592232,2.11752,0.0765316
1,70,1,-2.1815,0.450561,0.428013
1,70,12,2.13145,0.263598,-3.37918
1,70,7,2.25809,0.626549,1.58811
1,71,3,-0.250871,-1.00982,0.322634
1,71,4,0.175709,1.19799,0.270258
1,71,1,-2.19924,0.463014,0.464209
1,71,2,-0.694973,0.16226,0.336721
1,70,6,1.64757,1.15834,0.328816
1,70,9,3.14941,-0.415297,-0.838175
1,71,5,-0.307501,2.03514,0.0438388
1,71,6,1.60771,1.16688,0.328742
1,71,11,0.797781,1.34832,-1.94186
1,71,12,2.11347,0.279447,-3.37563
1,71,9,3.0892,-0.406243,-0.812763
1,71,10,1.59176,0.738623,-2.04987
1,71,7,2.25794,0.588776,1.62011
1,71,8,2.15941,0.374917,-0.86408
1,72,2,-0.711002,0.140673,0.363406
1,72,1,-2.20201,0.46861,0.479471
1,72,4,0.122419,1.18971,0.277033
1,72,3,-0.276423,-1.03545,0.327177
1,72,6,1.58377,1.17165,0.332949
1,72,5,-0.385823,1.99492,0.180682
1,72,8,2.10554,0.380088,-0.856601
1,72,7,2.23275,0.540313,1.64298
1,72,10,1.5587,0.738583,-2.0571
1,72,9,3.0253,-0.401557,-0.779049
1,72,12,2.07404,0.291579,-3.3744
1,72,11,0.793053,1.35165,-2.06298
1,73,7,2.20846,0.511874,1.66016
1,73,4,0.0556337,1.16861,0.312997
1,73,1,-2.19963,0.485419,0.480917
1,73,6,1.54922,1.15989,0.341973
1,73,3,-0.307385,-1.07809,0.338555
1,73,8,2.04827,0.414539,-0.885385
1,73,5,-0.401293,2.08632,0.32341
1,73,2,-0.689151,0.095126,0.395131
1,74,4,0.0218678,1.16763,0.356788
1,73,12,2.03996,0.28569,-3.37597
1,73,9,2.97191,-0.40786,-0.747375
1,74,5,-0.37223,2.04562,0.39795
1,73,11,0.752264,1.34368,-2.12737
1,74,3,-0.328352,-1.10862,0.345297
1,74,6,1.49593,1.12623,0.361565
1,73,10,1.53277,0.742712,-2.04559
1,74,12,2.00465,0.275636,-3.36892
1,74,7,2.16776,0.498409,1.67074
1,74,2,-0.719577,0.0370717,0.405241
1,75,4,0.0180009,1.15267,0.423168
1,74,8,2.02827,0.435068,-0.898317
1,74,11,0.714175,1.34756,-2.03378
1,75,7,2.12242,0.47495,1.68744
1,74,1,-2.18737,0.501212,0.472652
1,75,5,-0.409852,2.08119,0.448251
1,75,6,1.45342,1.10668,0.378558
1,74,10,1.50269,0.7634,-2.05123
1,75,12,1.96196,0.267622,-3.35865
1,75,1,-2.17325,0.488575,0.465185
1,75,2,-0.766572,0.033045,0.394281
1,76,8,2.01094,0.47041,-0.840783
1,74,9,2.91851,-0.417216,-0.720569
1,76,2,-0.764804,0.0538585,0.39654
1,76,1,-2.18399,0.472756,0.456497
1,75,3,-0.325177,-1.15276,0.338362
1,76,3,-0.327697,-1.16079,0.334803
1,75,9,2.85995,-0.423677,-0.708549
1,75,10,1.47234,0.805522,-2.06122
1,77,1,-2.19765,0.459338,0.445669
1,75,8,2.0339,0.432513,-0.865103
1,76,10,1.45309,0.817554,-2.03936
1,76,9,2.8237,-0.448794,-0.71087
1,75,11,0.687443,1.38682,-1.95955
1,76,11,0.723736,1.4615,-1.9977
1,76,6,1.43522,1.08674,0.3988
1,76,5,-0.402904,1.97783,0.540728
1,77,9,2.79364,-0.4743,-0.729501
1,76,7,2.08031,0.472092,1.69737
1,77,3,-0.341705,-1.13185,0.324915
1,77,8,1.98451,0.48758,-0.840369
1,76,4,0.00230616,1.12646,0.48187
1,77,2,-0.73024,0.0226632,0.395918
1,77,7,2.02981,0.477659,1.6859
1,77,4,-0.0115509,1.094,0.545247
1,78,2,-0.744894,0.00626448,0.37885
1,77,6,1.42488,1.07103,0.422287
1,77,11,0.806937,1.5608,-1.99842
1,78,3,-0.347562,-1.12165,0.303286
1,76,12,1.92415,0.264965,-3.35207
1,77,10,1.46174,0.814314,-2.00675
1,78,4,-0.0230093,1.09349,0.596581
1,77,12,1.88427,0.266653,-3.33282
1,78,10,1.46512,0.827208,-1.98712
1,78,5,-0.493728,1.9065,0.769164
1,78,8,1.97063,0.437175,-0.819885
1,78,11,0.85127,1.57669,-1.99402
1,77,5,-0.500839,1.98044,0.673252
1,78,1,-2.20336,0.466343,0.426507
1,78,12,1.84455,0.252865,-3.31421
1,78,7,1.99263,0.490359,1.6727
1,79,3,-0.353475,-1.1345,0.279702
1,79,4,-0.0345031,1.08433,0.629196
1,79,1,-2.23349,0.477021,0.403104
1,79,2,-0.798717,0.0329972,0.386836
1,78,6,1.41466,1.08751,0.439121
1,78,9,2.77283,-0.481427,-0.749367
1,79,5,-0.491406,1.91956,0.987873
1,79,6,1.39735,1.13169,0.466902
1,79,11,0.806594,1.61281,-1.93885
1,79,12,1.80369,0.259286,-3.28025
1,79,9,2.75923,-0.485998,-0.773211
1,79,10,1.4635,0.854778,-1.9759
1,79,7,1.9556,0.48591,1.68962
1,79,8,1.93694,0.366544,-0.793743
1,80,2,-0.835933,0.0365595,0.385906
1,80,1,-2.27435,0.473944,0.372455
1,80,4,-0.0606901,1.08565,0.654378
1,80,3,-0.370943,-1.1215,0.272915
1,80,6,1.40452,1.15414,0.462512
1,80,5,-0.447092,1.8408,1.14104
1,80,8,1.88144,0.357662,-0.776226
1,80,7,1.93081,0.492817,1.70721
1,80,10,1.45786,0.888345,-1.94458
1,80,9,2.77407,-0.519799,-0.787981
1,80,12,1.76659,0.272412,-3.2737
1,80,11,0.838744,1.59931,-1.88191
1,81,7,1.90346,0.506712,1.73613
1,81,4,-0.0917526,1.09649,0.66449
1,81,1,-2.31536,0.457065,0.359415
1,81,6,1.39884,1.14645,0.471672
1,81,3,-0.399787,-1.10483,0.260318
1,81,8,1.87074,0.384007,-0.78495
1,81,5,-0.456004,1.76264,1.28277
1,81,2,-0.854307,0.0505663,0.376524
1,82,4,-0.082841,1.11306,0.682197
1,81,12,1.74729,0.282089,-3.24766
1,81,9,2.80254,-0.527322,-0.788519
1,82,5,-0.481098,1.78249,1.30705
1,81,11,0.815174,1.70765,-1.82498
1,82,3,-0.445604,-1.0952,0.240279
1,82,6,1.35714,1.1477,0.493934
1,81,10,1.45162,0.9222,-1.90094
1,82,12,1.73652,0.295166,-3.20846
1,82,7,1.88499,0.51137,1.76815
1,82,2,-0.862385,0.0726699,0.358501
1,83,4,-0.0974192,1.12126,0.712797
1,82,8,1.93162,0.390759,-0.779677
1,82,11,0.934739,1.72536,-1.74107
1,83,7,1.88265,0.521443,1.81012
1,82,1,-2.34858,0.444879,0.337681
1,83,5,-0.476067,1.83536,1.22911
1,83,6,1.31455,1.10179,0.499893
1,82,10,1.42388,0.923739,-1.88539
1,83,12,1.71011,0.298502,-3.18074
1,83,1,-2.38182,0.451966,0.332138
1,83,2,-0.888621,0.0877808,0.327406
1,84,8,1.95857,0.485244,-0.742208
1,82,9,2.79957,-0.494855,-0.785496
1,84,2,-0.910312,0.104127,0.324091
1,84,1,-2.40708,0.437781,0.317715
1,83,3,-0.477911,-1.07814,0.241156
1,84,3,-0.503296,-1.04757,0.2369
1,83,9,2.77589,-0.470646,-0.78404
1,83,10,1.41729,0.897909,-1.87345
1,85,1,-2.42681,0.419118,0.307535
1,83,8,1.96138,0.43291,-0.753925
